-- --------------------------------------------------------
-- Host:                         127.0.0.1
-- Wersja serwera:               10.2.6-MariaDB - mariadb.org binary distribution
-- Serwer OS:                    Win64
-- HeidiSQL Wersja:              9.4.0.5125
-- --------------------------------------------------------

/*!40101 SET @OLD_CHARACTER_SET_CLIENT=@@CHARACTER_SET_CLIENT */;
/*!40101 SET NAMES utf8 */;
/*!50503 SET NAMES utf8mb4 */;
/*!40014 SET @OLD_FOREIGN_KEY_CHECKS=@@FOREIGN_KEY_CHECKS, FOREIGN_KEY_CHECKS=0 */;
/*!40101 SET @OLD_SQL_MODE=@@SQL_MODE, SQL_MODE='NO_AUTO_VALUE_ON_ZERO' */;


-- Zrzut struktury bazy danych agencjauprawnien
DROP DATABASE IF EXISTS `agencjauprawnien`;
CREATE DATABASE IF NOT EXISTS `agencjauprawnien` /*!40100 DEFAULT CHARACTER SET utf8 COLLATE utf8_polish_ci */;
USE `agencjauprawnien`;

-- Zrzut struktury tabela agencjauprawnien.token_list
DROP TABLE IF EXISTS `token_list`;
CREATE TABLE IF NOT EXISTS `token_list` (
  `id` int(11) NOT NULL AUTO_INCREMENT,
  `token` varchar(64) COLLATE utf8_polish_ci DEFAULT NULL,
  `used` tinyint(1) NOT NULL DEFAULT 0,
  PRIMARY KEY (`id`)
) ENGINE=InnoDB AUTO_INCREMENT=429 DEFAULT CHARSET=utf8 COLLATE=utf8_polish_ci;

-- Zrzucanie danych dla tabeli agencjauprawnien.token_list: ~426 rows (około)
DELETE FROM `token_list`;
/*!40000 ALTER TABLE `token_list` DISABLE KEYS */;
INSERT INTO `token_list` (`id`, `token`, `used`) VALUES
	(1, '123', 1),
	(2, NULL, 1),
	(3, '8902fcc2e6ff7b0de6ce4bd0c8159249c5205e347c913b87b1e36d01bc7ed4fd', 1),
	(4, 'f2d1327b5d243d28536185b5d420810534bdffc27c913b87b1e36d01bc7ed4fd', 1),
	(5, '01be56ad020261b818d9a50156ac4b7c0c4a25e57c913b87b1e36d01bc7ed4fd', 1),
	(6, '290aac32091d48669fbf91ab247dbf692c51e0de7c913b87b1e36d01bc7ed4fd', 1),
	(7, '28b934b6fc432efa5b1166b8988400c4af9e68897c913b87b1e36d01bc7ed4fd', 1),
	(8, '5479d43a5592d95cc0b993bacba2966ffb6e436c7c913b87b1e36d01bc7ed4fd', 1),
	(9, '4a74a9593d937e15ade9b7186957a7ee4851b1197c913b87b1e36d01bc7ed4fd', 1),
	(10, 'b78158d0b7e28cb474b91c1bc44ac62ee648c05f7c913b87b1e36d01bc7ed4fd', 1),
	(11, 'afba5c1a94a5a1b4a9c83700c49e09b4dfbc82fa7c913b87b1e36d01bc7ed4fd', 1),
	(12, '698c848cc86fb69deb471ca95d000197a7dcc5e37c913b87b1e36d01bc7ed4fd', 1),
	(13, '5a5368518e709be389e5b222524f42813324a43e7c913b87b1e36d01bc7ed4fd', 1),
	(14, '7f182961ab96c0ccaa7edab52d34ede46d53de9f7c913b87b1e36d01bc7ed4fd', 1),
	(15, 'f6e9cb29367d1ccec3aa3d302859650f9474fa5c64e04dacc68aee1bdc8d4af7', 1),
	(16, 'acb567d7688c72ec43f849ac24dc34c44668ebf664e04dacc68aee1bdc8d4af7', 1),
	(17, '7c8a29543bbddfa42185512abed5e6acf47030f564e04dacc68aee1bdc8d4af7', 0),
	(18, '944da0d0e2488b03ea01f0fa80fdb1609157a8ec64e04dacc68aee1bdc8d4af7', 0),
	(19, '65b4bb430e1ae84a17f62fbf75f233763c22a26e64e04dacc68aee1bdc8d4af7', 0),
	(20, '96709317a9f2a7b4af3ceb68c16e87ab07193c9764e04dacc68aee1bdc8d4af7', 0),
	(21, 'd5595c286a3c51942849624a8986cdfc519ed6f264e04dacc68aee1bdc8d4af7', 0),
	(22, 'ace4199f8d3322d80fcea21456e454c651fc0bc364e04dacc68aee1bdc8d4af7', 0),
	(23, '6a4cc2caf74fae03e284fcb95d9bf540faf23bee64e04dacc68aee1bdc8d4af7', 0),
	(24, 'c50e6c033a948d047f34bbccf1e2e3fd597c4c5a64e04dacc68aee1bdc8d4af7', 0),
	(25, 'c160cd0b00c4f59e621b0ceb0a9290bcd05cad4164e04dacc68aee1bdc8d4af7', 0),
	(26, '6bc478dab6eceab16240d80cb3cce5bee432e91164e04dacc68aee1bdc8d4af7', 0),
	(27, 'cb871ed4580f2b415a48cb23798e2e138f286099a3fcab8461c9675765b95e46', 0),
	(28, 'ec78532cba9568bdd5418e1d4915b0d372d10bcaa3fcab8461c9675765b95e46', 0),
	(29, '0a82003dd7378aa535443e54c00c23c30772266da3fcab8461c9675765b95e46', 0),
	(30, 'f744cd142e4a63565930f047a0b4d362f51b2dc6a3fcab8461c9675765b95e46', 0),
	(31, 'bc1b68cd6487954f77bf47a58164cb901f27dc5ea3fcab8461c9675765b95e46', 0),
	(32, '728bb898bea6daef990572310258cfe26e4d2b34a3fcab8461c9675765b95e46', 0),
	(33, '3933a031de44cceec1744a1701d7386d29d473faa3fcab8461c9675765b95e46', 0),
	(34, 'a2635dfdcb0ddee3c61788a971ade0576cf4093ea3fcab8461c9675765b95e46', 0),
	(35, '66b2822f3c18f816294f899892f961225d2471b6a3fcab8461c9675765b95e46', 0),
	(36, 'fa53e540d87b345485a1b3e89a5cf7e7dc61eca8a3fcab8461c9675765b95e46', 0),
	(37, 'f2e1250b33c6276cf73bce895d539e0ee698dd6da3fcab8461c9675765b95e46', 0),
	(38, 'dd649978314a2ca486afa67ee769d705effee306a3fcab8461c9675765b95e46', 0),
	(39, 'b924db3b208da3c4db0aa4b35cdf136f1729cd59a3fcab8461c9675765b95e46', 0),
	(40, '627b2e2547b6201b24ad608330f24c50f7376eb57fa6da43d6fc8143e93cc3bb', 0),
	(41, '60426e4f1c52e93dcf0c51b990349801d72ca6b17fa6da43d6fc8143e93cc3bb', 0),
	(42, '847327cb901faf5745d74235164b0f1349b6e72b7fa6da43d6fc8143e93cc3bb', 0),
	(43, '553d1a7d705dee5475838ecc6f2135ae00a118bc7fa6da43d6fc8143e93cc3bb', 0),
	(44, '416d1e33586681d0033dcd60bc94e2db7aa5d3f87fa6da43d6fc8143e93cc3bb', 0),
	(45, '1dd7996535f29bd5661051df87946c275513ef5a7fa6da43d6fc8143e93cc3bb', 0),
	(46, '3fa468443522b7a623fa0e557caa289d9be021987fa6da43d6fc8143e93cc3bb', 0),
	(47, '21c8c8e299946a846ee2b1ac96b1d2091ef71def7fa6da43d6fc8143e93cc3bb', 0),
	(48, '1d1bde68222cb94d9e39b9685dc4755fd2f654837fa6da43d6fc8143e93cc3bb', 0),
	(49, '3ad4e67860c42d4969355bd05bee1ac5832f3f477fa6da43d6fc8143e93cc3bb', 0),
	(50, '0e3759481b80b19cb02966ff381996803c6f00ec7fa6da43d6fc8143e93cc3bb', 0),
	(51, '4ff6058e2ae0d4ed7567eef75512a29066e224737fa6da43d6fc8143e93cc3bb', 0),
	(52, 'cd2bb486bd8f5c318a4b9be9401e4174feb04b677fa6da43d6fc8143e93cc3bb', 0),
	(53, '3e5dbafc46cfff873bda02c6a3c7fe0e7ffae457246f7d794ec28892e49571d9', 0),
	(54, '1aa9a61cfb1d049642b7038d2cfdf4bade9834c6246f7d794ec28892e49571d9', 0),
	(55, '57b16f3d027c228a68998914ef4706aee3871884246f7d794ec28892e49571d9', 0),
	(56, '28e589d1f964e82b8cb0fc5320492c0b7a25037c246f7d794ec28892e49571d9', 0),
	(57, '4e03d9915d4d7fa6dbaa5d5a70ba1f33ac56976c246f7d794ec28892e49571d9', 0),
	(58, '7ba958c53b725e06fb20fde335add5f10ee734c3246f7d794ec28892e49571d9', 0),
	(59, '77f46907eadc0665db88f1e2bc31e11eaf17bb7e246f7d794ec28892e49571d9', 0),
	(60, 'fe8bc27a4ab218dfaef2656b947b0654d5ad3683246f7d794ec28892e49571d9', 0),
	(61, '12c9a1a57efc554a29d18b270c1b113fff969e90246f7d794ec28892e49571d9', 0),
	(62, '3f3e8b6458f817b6dea9a6b82e5c8219617f8de6246f7d794ec28892e49571d9', 0),
	(63, '59f92826ee72a1fae876cec14fa4552fe9381f0b246f7d794ec28892e49571d9', 0),
	(64, 'f195025eacb379caf53fa601b5487cfb01c783552df6c978e7178eb166089df4', 0),
	(65, 'eaba78fc51b6f3c5385455e3d306d101e9f20dfd2df6c978e7178eb166089df4', 0),
	(66, '257cc0b6f219fe7e68a2790de04a6eab568544d22df6c978e7178eb166089df4', 0),
	(67, '372857ba0a88ae60b042b7255648fac6a00d220a2df6c978e7178eb166089df4', 0),
	(68, '84e5c002be58d6344a39e6e96e695294e01f192d2df6c978e7178eb166089df4', 0),
	(69, '00b100e26697bb05004fc02a3ffb25920f86ea252df6c978e7178eb166089df4', 0),
	(70, '35bb3e0515319e7bc75010839c1fe35a9510ed8b2df6c978e7178eb166089df4', 0),
	(71, '9252cf6416c2d9612b3739aa8916053d65242f302df6c978e7178eb166089df4', 0),
	(72, '5d68a71e8b4f0739e32076d9a8bce39973306a192df6c978e7178eb166089df4', 0),
	(73, '68ad152568041bd6a96f72950abd5f5d6023e04c2df6c978e7178eb166089df4', 0),
	(74, 'fc2d2dc4189c9306a7c12db6d7c9ac5d3ac5e1312df6c978e7178eb166089df4', 0),
	(75, '7829e8ff22d805cb42766ef38bceb4416c037e612df6c978e7178eb166089df4', 0),
	(76, 'a3235842e15fc45b82ba6a0e3dd81143ef79f0c0ac4872f4faca54765a1a3d80', 0),
	(77, '94d961727df51fe85f9eecf7df6788a7f197763cac4872f4faca54765a1a3d80', 0),
	(78, '26d0afdc71758168f38ce40900cac82a09c1abb4ac4872f4faca54765a1a3d80', 0),
	(79, '4775e4ab7b932cf2c2e38bcd625a22040639c16dac4872f4faca54765a1a3d80', 0),
	(80, '1bd8acf60466e9bf77cbf7f7738b3b2d4f9de05fac4872f4faca54765a1a3d80', 0),
	(81, '93418a4bcb667acd9bacb6fbdb66e360e4136a16ac4872f4faca54765a1a3d80', 0),
	(82, '91999d06b7df491a33f385c2b928968b27f7dc91ac4872f4faca54765a1a3d80', 0),
	(83, 'b71faf37f05528016e6f106724473e5f91935797ac4872f4faca54765a1a3d80', 0),
	(84, '89ea71919f090a1536882eaf8c922ddbe0ed3738ac4872f4faca54765a1a3d80', 0),
	(85, '001227a88d99bffdf0795cfa802397b6f0f7d9f1ac4872f4faca54765a1a3d80', 0),
	(86, '2c6a8bd8c413de476dda115f186e2ea8d54ac5d9ac4872f4faca54765a1a3d80', 0),
	(87, '218d83df5fa88acd80199b17d5dfe73703bdf407ac4872f4faca54765a1a3d80', 0),
	(88, 'be462ef1292292df404ad568935b91307aeff91280955e9399232764f6db663e', 0),
	(89, 'ee962573f8f4a8ceab7780373e14e0f748f052b680955e9399232764f6db663e', 0),
	(90, 'fd222809daa4ed157d1dd2e55c4aa5e1382b909b0266f31a6c6497ae7b4aa4f0', 0),
	(91, 'c15939b232bd2d48e004a21983bb295f8b60d207206320707d82e1c4f3490269', 0),
	(92, 'f78831bb9c6a326e36f3b82959ce680200e4ee16206320707d82e1c4f3490269', 0),
	(93, '4faa88b12face0427baf896bfab6fcec1f02187d206320707d82e1c4f3490269', 0),
	(94, '7aaa63a0d6d5752492b6acba3c1f807a675322d1206320707d82e1c4f3490269', 0),
	(95, '21d2ffd05aee0be97b376315fcff7cc48626503e206320707d82e1c4f3490269', 0),
	(96, '9795b569129985c5db3cd6a0d2725fcb03e6ce5c206320707d82e1c4f3490269', 0),
	(97, '2575fbc96c84b0bdff4efc64384f0e002043794b206320707d82e1c4f3490269', 0),
	(98, 'a7ecd54a443a8a342aaf24187d798f9146125b3f206320707d82e1c4f3490269', 0),
	(99, '50eb957106e6d60868784ffe60eedd220a6d32a3206320707d82e1c4f3490269', 0),
	(100, '7087822c94708c2db43abe744371871ce9f33458206320707d82e1c4f3490269', 0),
	(101, 'ba25c55fc4dd0e6193ca25eda177168d58f315f7206320707d82e1c4f3490269', 0),
	(102, 'c858c7dfb8656db1ba065b95366597992023985e906b19d5453c29fbe490ab60', 0),
	(103, 'efe39b7d041987f026c32ab404d4e61defd4990e906b19d5453c29fbe490ab60', 0),
	(104, 'd57ca6714cf77969a0d34a8c1ee1d1861a2edb08906b19d5453c29fbe490ab60', 0),
	(105, 'db4e4889a358f5be402bfd2255a7e56649f92e3a906b19d5453c29fbe490ab60', 0),
	(106, 'ef98b3254802aac0f3d51236a084476db7670204906b19d5453c29fbe490ab60', 0),
	(107, '2673e28ce9ec6952092be696d0f3267cfbcb5390906b19d5453c29fbe490ab60', 0),
	(108, '27c1f996b7806ef8ba68c5890b5b641c8ef7c349906b19d5453c29fbe490ab60', 0),
	(109, 'bb36d11b383077081b8e7703bc10e47084655a22906b19d5453c29fbe490ab60', 0),
	(110, '738c0f6dfbadd66582869f2474550be409b49fc2906b19d5453c29fbe490ab60', 0),
	(111, 'fa287d3804406541eee1c00094c9c924b6e242a7906b19d5453c29fbe490ab60', 0),
	(112, 'ac2bf06dd74b35a02a1d5ed82ea96ccc6ec44711906b19d5453c29fbe490ab60', 0),
	(113, '2ca73bc9a91497a02893469643fe6ad2dcece191906b19d5453c29fbe490ab60', 0),
	(114, '00b8a3e0db694d9e57bb76273d6c69517e5c833449409ff8d0bda31e15189f4d', 0),
	(115, '1f612053e94fdadc8f1a7f4ee39d96e6150ab82c49409ff8d0bda31e15189f4d', 0),
	(116, '0a9d902c16209309376dea11a2e377ddae49fbd149409ff8d0bda31e15189f4d', 0),
	(117, '1f68bbafe3ea5834cc9974382c440639afcd2c1d49409ff8d0bda31e15189f4d', 0),
	(118, '466d950a8f40b7553ed376450d8ea51637193f4c49409ff8d0bda31e15189f4d', 0),
	(119, '65cd1791bcd31716c89d32d24524245c88d71ab849409ff8d0bda31e15189f4d', 0),
	(120, '9b3b39375acbe6a4de7b0cf294be24183a367a1349409ff8d0bda31e15189f4d', 0),
	(121, '0306dbac2f62ba9b7198b5c53a1b919bcfdcd40149409ff8d0bda31e15189f4d', 0),
	(122, '1843e430bcc1c11784e1f952c45f04f992c80b2649409ff8d0bda31e15189f4d', 0),
	(123, '52fac216ea5cadd19be79777d2a74789510889a549409ff8d0bda31e15189f4d', 0),
	(124, 'f62ab5503434912a88c624da6e53e680151d7ba449409ff8d0bda31e15189f4d', 0),
	(125, '7619aad95e6518e52f9a49d84fe5128f0e9239b849409ff8d0bda31e15189f4d', 0),
	(126, 'df2b31d87a300464e4d8476cf17d1fbd40f7e52ffc54b79ab0f7072849e5a997', 0),
	(127, 'aeb64fb180f1b69693c4db0b415848800e4bd3c6fc54b79ab0f7072849e5a997', 0),
	(128, '85489000e3cc3337500f2c2d8cdba222d6c1604efc54b79ab0f7072849e5a997', 0),
	(129, '55f4162629112e5dadb6013c86dd2c17ea4f51bafc54b79ab0f7072849e5a997', 0),
	(130, 'cb9f99830c23eced3dafbfb9de9d319223e06fe6fc54b79ab0f7072849e5a997', 0),
	(131, 'beba3e8639c3171c07b4b474497ae0c2ef4dda7efc54b79ab0f7072849e5a997', 0),
	(132, '60f7f48fd7380e7e5e5670a7c7aaf7e31898662cfc54b79ab0f7072849e5a997', 0),
	(133, '623da911d4c1dbe06acab5738b7f210dcb811be8fc54b79ab0f7072849e5a997', 0),
	(134, 'aec03dccb3238235287e7d72b7f96cc823f55a8dfc54b79ab0f7072849e5a997', 0),
	(135, '2bf7b00dea2232fcf7949e620f9b21300f6b9fdffc54b79ab0f7072849e5a997', 0),
	(136, '4b2f38232f5d969360d73ad16a26f46acc660cccfc54b79ab0f7072849e5a997', 0),
	(137, 'd6a063096a76a17de85cffaefc2eba9e6795b4e7fc54b79ab0f7072849e5a997', 0),
	(138, '71d9d481cce0ebfb8c0817d21c87333dd75278ba5bdd50ef37a742f96555a557', 0),
	(139, 'e691736ab16ea8662d6064f5dac34e1d8d893ea75bdd50ef37a742f96555a557', 0),
	(140, 'd0bc617deeaf109cb7602d82d7f28288e8af102c5bdd50ef37a742f96555a557', 0),
	(141, 'bcaa0da7c778873390a6999862c808991cca30165bdd50ef37a742f96555a557', 0),
	(142, '5c15a5427a339a7252200a87112940c1de9a4bfb5bdd50ef37a742f96555a557', 0),
	(143, '095beceef2780386d54b0f4c656978062e7981fe5bdd50ef37a742f96555a557', 0),
	(144, 'db3792858417c81a9f03ed12b2cb7471c14732595bdd50ef37a742f96555a557', 0),
	(145, '38cf4521d27f9ca5be502800d883f99fbd8b1b105bdd50ef37a742f96555a557', 0),
	(146, '750ae47d83d89a11663631d483a7fb06db6b2f075bdd50ef37a742f96555a557', 0),
	(147, '5338dfb1ca263fe2840f076df69a8d4e921825055bdd50ef37a742f96555a557', 0),
	(148, 'cb7dcf4ecaa736b7f8362788bdc7c37bcff34a505bdd50ef37a742f96555a557', 0),
	(149, '48c9b8017c6f55c4ede1c6096c69a7e093dcfc605bdd50ef37a742f96555a557', 0),
	(150, 'bbb0104824f3deb8fcf8a41dc98d48bbdb067ea0c1181f69d28741dcb04e3f72', 0),
	(151, '9fdefe57700ae56a10acd5a004ee7c7a89bd3ebcc1181f69d28741dcb04e3f72', 0),
	(152, '470aa265776779843a3dc76cef21938853cdb7a9c1181f69d28741dcb04e3f72', 0),
	(153, 'd64cd8af7cbe6ce714ff7c6599613867de352713c1181f69d28741dcb04e3f72', 0),
	(154, 'b1ee096ee0b0bccb8242479602ad918be1e4b58bc1181f69d28741dcb04e3f72', 0),
	(155, 'd61f23cf61cc19f2df98325d766352c978a1567cc1181f69d28741dcb04e3f72', 0),
	(156, 'd470eefc66931faf38c51b00138f47c499b218d9c1181f69d28741dcb04e3f72', 0),
	(157, 'c4974d51cef3ad3a1445dc403871eea845daa7f8c1181f69d28741dcb04e3f72', 0),
	(158, '52c91258afb3562a059b47d8bd0a98312c60b0a6c1181f69d28741dcb04e3f72', 0),
	(159, '70c7febe8788d741f5cc57378a359e3e880ff32fc1181f69d28741dcb04e3f72', 0),
	(160, '763132f6fde950c76a6fd3a8bf9d2ad60892c8edc1181f69d28741dcb04e3f72', 0),
	(161, '101b856f7f60a01dbec4508ab0663c316e8f8d1fc1181f69d28741dcb04e3f72', 0),
	(162, '1087f69cedb2f7d475f51e77940a899c9706f07a411972f3a962f10e1bb9a5d8', 0),
	(163, '6433532e6738599a703359ebfa03a26b510fc131411972f3a962f10e1bb9a5d8', 0),
	(164, 'f08d203c71c82432f232c0e5a9a3420c033752e8411972f3a962f10e1bb9a5d8', 0),
	(165, '0740b1bb00a633bd67630adc2fabad6287d971c4411972f3a962f10e1bb9a5d8', 0),
	(166, '5919137da32bce03c94cb80e6e9872105a0d4516411972f3a962f10e1bb9a5d8', 0),
	(167, '6f7eeb60e94d9f0fe58e7b84023f16e9bb092a63411972f3a962f10e1bb9a5d8', 0),
	(168, '5c31943dbf42175889c4e04b0f136057a6e2b9c0411972f3a962f10e1bb9a5d8', 0),
	(169, 'e68d52ce79c59597905acd4eccd61cd36e37f2c7411972f3a962f10e1bb9a5d8', 0),
	(170, 'dc2e4ab37dc42cf7485d294ce9c2cef6983893b4411972f3a962f10e1bb9a5d8', 0),
	(171, '503d5d1d50ea1195e0ecaa65addd74a2a0873cd4411972f3a962f10e1bb9a5d8', 0),
	(172, '24b867b9d0f629774334cdf004bfdf25dd0ab38b411972f3a962f10e1bb9a5d8', 0),
	(173, '87b6354238c31b49b0aaa3823f3a3ca083ded8777c2897b50e67c43a1692dae5', 0),
	(174, 'd63cddee4e4a928c53d9085ec342a34d32a05a377c2897b50e67c43a1692dae5', 0),
	(175, 'e6b609e2bc8b4a5adf7d3cbf00ee76e5d9e27a047c2897b50e67c43a1692dae5', 0),
	(176, '49aa1edd423d036a5a2f44b6513edfc5ce90cf9d7c2897b50e67c43a1692dae5', 0),
	(177, 'e9b66879d474db2c638d3a754527e63ec81b956e7c2897b50e67c43a1692dae5', 0),
	(178, '776276ed3d56ee6461571edc24476364092fe0517c2897b50e67c43a1692dae5', 0),
	(179, '2d5fb9906920ede1bb2ba490d606750f7771eaa97c2897b50e67c43a1692dae5', 0),
	(180, 'd07988f4481022a40eb2f0b52b175f9acc69cf147c2897b50e67c43a1692dae5', 0),
	(181, '2c71e9d840ef27c6b809f94bc6a34896e76de2c57c2897b50e67c43a1692dae5', 0),
	(182, 'f2d7da9d702bcae07c46091402adc388bc4523027c2897b50e67c43a1692dae5', 0),
	(183, 'fbf668f8cb2875861270f3f9532388f600f665d97c2897b50e67c43a1692dae5', 0),
	(184, '75a636aadbc80ac87eafdabeb0a32ffc60e7741b7c2897b50e67c43a1692dae5', 0),
	(185, '90cfa86cafc66adb42a72521ee889dd2992892518d0c5bcac10819d043bd60a1', 0),
	(186, '74cab6cf6f28d0ea434668692fa70650c84029a38d0c5bcac10819d043bd60a1', 0),
	(187, '1501d977fbb3240b49aa9624a928b187449790408d0c5bcac10819d043bd60a1', 0),
	(188, '0514ebf4deed739229acde27c9e14020ff6e487e8d0c5bcac10819d043bd60a1', 0),
	(189, 'ecac5f579947f4ac0fd771557454f9ac8af67f708d0c5bcac10819d043bd60a1', 0),
	(190, 'a2c15f5a0db1a237d7f5937232ccbabc027491338d0c5bcac10819d043bd60a1', 0),
	(191, '62664a8c4526add19b9ff19168be75cb2138a0bd8d0c5bcac10819d043bd60a1', 0),
	(192, '967153d287546c52b91e75d005642e9693aa40788d0c5bcac10819d043bd60a1', 0),
	(193, 'cd59b9fd78af6296aa8d263db227451e696fb23f8d0c5bcac10819d043bd60a1', 0),
	(194, '14eb05b889008147f025cb039a287861bc0737d48d0c5bcac10819d043bd60a1', 0),
	(195, 'fce51c6efd7998b8e3fde2b5ac7ad0fd5377e915d422badbb49a348d5666084b', 0),
	(196, '54732753de4093f3d6511a392856e71495be5e4dd422badbb49a348d5666084b', 0),
	(197, 'd71c5fd76640a4e47a03106bb982fdb21b5f2b6fd422badbb49a348d5666084b', 0),
	(198, '2a9bda46588c581000dda979a3713dd168a05869d422badbb49a348d5666084b', 0),
	(199, '1a5c92272bb0f7084d22577e90d219b86916cf5ad422badbb49a348d5666084b', 0),
	(200, 'ece644b0b75685448b57eaa0fb851c2ad89f319bd422badbb49a348d5666084b', 0),
	(201, '72198983540589ec0c2c7fd161ddccef4c54df43d422badbb49a348d5666084b', 0),
	(202, '727b484577b2250523cf70453ae2ee63d7fecb5b55a055dca403ce8c574c61f1', 0),
	(203, '79403e9c5c11ad2608f1b26d7b713c5b63cdfcef55a055dca403ce8c574c61f1', 0),
	(204, 'bc5f51a7c21759be1d010e3cc756b20ff212913055a055dca403ce8c574c61f1', 0),
	(205, '720d5f8b0013fa9360e7980e79e6009a2289656e55a055dca403ce8c574c61f1', 0),
	(206, '302df622fe6ac5ada5a7241826fe36d2e64867be55a055dca403ce8c574c61f1', 0),
	(207, '5b76db988868fbbae306e54b5851c7b253edb7a655a055dca403ce8c574c61f1', 0),
	(208, 'f0d41e30757fb53a86c92dd5baa3f93e87c1329355a055dca403ce8c574c61f1', 0),
	(209, 'a4e189dd81a712af3c16a3c31adfe7b4d1c371ce55a055dca403ce8c574c61f1', 0),
	(210, '3d927f1f4ad2b2b3135fffa85df5d1da4f97f6ee55a055dca403ce8c574c61f1', 0),
	(211, '52cc8dda9b58edd6f5ec0c7a293ddb823ee9c99955a055dca403ce8c574c61f1', 0),
	(212, 'a93c4fc67e7ec25b74d67e3f324ed08d4612bf0555a055dca403ce8c574c61f1', 0),
	(213, '33dda00adfa9f888723ef4353428797c1a02a74b55a055dca403ce8c574c61f1', 0),
	(214, '6c3dd73261a45e768926dd984cb61907b43fabd355a055dca403ce8c574c61f1', 0),
	(215, '2349e1869f167def854832a966ba090a4cbd8e980fc8b9b843d62b817eeb041b', 0),
	(216, 'cc0847f9fe42a912a0d8eca73053ce7f04d92df90fc8b9b843d62b817eeb041b', 0),
	(217, '37387b0f248be34b03f3a0e79ca07e82666971f10fc8b9b843d62b817eeb041b', 0),
	(218, 'ad73e5d436ff3948d5cf60e7faa6253133f5222b0fc8b9b843d62b817eeb041b', 0),
	(219, 'e55cfe99091b9ea8437eb0a359c72c8ee94f9a140fc8b9b843d62b817eeb041b', 0),
	(220, '73e1b4ca8ca71d74b33dee107fbd56efda25856f0fc8b9b843d62b817eeb041b', 0),
	(221, 'd6f5e6bd37c5f2cd634e969c566a5f26ad95c9840fc8b9b843d62b817eeb041b', 0),
	(222, 'f559fc3a131110518cedf357e31a86042d0fc1d10fc8b9b843d62b817eeb041b', 0),
	(223, '9cb2dac2acf508fbb93360a444cea102320d92df0fc8b9b843d62b817eeb041b', 0),
	(224, '686de554172330b64e77254da77004af1229f53c0fc8b9b843d62b817eeb041b', 0),
	(225, '3ec3b7c8a39c5021d775a5cc1b053a2f5120115c0fc8b9b843d62b817eeb041b', 0),
	(226, 'd2c955ab4ddc2ba5f21030c2d71bd9fc5392a67a0fc8b9b843d62b817eeb041b', 0),
	(227, '5cff45ce085652913ea990e267580df7904c3be539b4be33725f8f4a8e931c94', 0),
	(228, 'ef4d5432801d59356f8d84a1659d3090d37f65ba39b4be33725f8f4a8e931c94', 0),
	(229, 'c6285039450fc0d43b806016a78bc6b88463af2539b4be33725f8f4a8e931c94', 0),
	(230, '3f6f444e37079514f6664e8db9266fa2edbe0f4339b4be33725f8f4a8e931c94', 0),
	(231, 'eccf482d1cd47ffe401df9fcfd2bd0a23aa007c139b4be33725f8f4a8e931c94', 0),
	(232, '37d0c17b35be056154250703bfc4c52ff8f012f939b4be33725f8f4a8e931c94', 0),
	(233, 'b7f99adf977d05c3d86dbd14de309446e313784339b4be33725f8f4a8e931c94', 0),
	(234, '0ed2b472cfe9ba955f48d14f36c3aa4554ba44a439b4be33725f8f4a8e931c94', 0),
	(235, 'ebd772dec786a9b5654a4c0ffcaf40470a376b4139b4be33725f8f4a8e931c94', 0),
	(236, '3bb9c5efca45af208addc1fa2c43a67fb51c68d939b4be33725f8f4a8e931c94', 0),
	(237, '5b39660de72e62d91dea2983548dc91b0383e97039b4be33725f8f4a8e931c94', 0),
	(238, '115bb0388bcf156a8ca8f90a3f272bb2e12c2e6bc0b15de2be992e05d57279f9', 0),
	(239, '27d2a4a0645d9780d3b96664ede32614d2d162b5c0b15de2be992e05d57279f9', 0),
	(240, 'df4b7f13cda8280e91c006d65f449b4ba1905f70c0b15de2be992e05d57279f9', 0),
	(241, 'e7a577da660fcc0b4e009a1822ca979dd29a314ec0b15de2be992e05d57279f9', 0),
	(242, 'babe9d9b6687b04bfa882966be8f893161e8dc29c0b15de2be992e05d57279f9', 0),
	(243, 'd9d51458138d8fb6856898787589d562973cb022c0b15de2be992e05d57279f9', 0),
	(244, '4c97448f9565836dd35c9fbc548e7eddd30b77bec0b15de2be992e05d57279f9', 0),
	(245, '46485c57dda1c9fae0f451d3991d11cbabc1c18ec0b15de2be992e05d57279f9', 0),
	(246, '7479f167e019084cb6243c9e08a3555f82a969f8c0b15de2be992e05d57279f9', 0),
	(247, '3042d3d6a7b031bea6d9c102cf386e802923d7b9c0b15de2be992e05d57279f9', 0),
	(248, '69510d0ec170ca4c778fe8cd4d6391afeb7d75a3c0b15de2be992e05d57279f9', 0),
	(249, '19f19fa32af04c4b26a8cf9dd93688fc76ee93dcc0b15de2be992e05d57279f9', 0),
	(250, 'b57f37b917ee9e038642dee635313be15aca238310a8b4ebe14b742733f34b51', 0),
	(251, '24f63ceba617476093591e45b87dba8f5175adaa10a8b4ebe14b742733f34b51', 0),
	(252, 'e54d7a414eb8356d4bb30308ab1c58f8a75ec72a10a8b4ebe14b742733f34b51', 0),
	(253, '0900ebf4f2c7b26df6d291c6210ca2c7d3f5ef9010a8b4ebe14b742733f34b51', 0),
	(254, 'b527c0589e5b0bce5476ad89a995065f15afe91c10a8b4ebe14b742733f34b51', 0),
	(255, '3cc85b4bf9269e913694c9819e55b0262fa04a2910a8b4ebe14b742733f34b51', 0),
	(256, '998a348a48bbff632e034efeec74832520b2481610a8b4ebe14b742733f34b51', 0),
	(257, 'f457b5828f43d3679f30cc798c4e8a4e62f6d3a810a8b4ebe14b742733f34b51', 0),
	(258, '4e6bc8e250bcfbadab404f53c61a60e9e72850b710a8b4ebe14b742733f34b51', 0),
	(259, '34a8f040f3df2d590fc49e4a90e95cd6fb4c45cc10a8b4ebe14b742733f34b51', 0),
	(260, '4dc2253422626ca7cf331e0c8ba756d0d52c502210a8b4ebe14b742733f34b51', 0),
	(261, '4e41f9b2f4a14d17dcc53f643a45fce55ace166710a8b4ebe14b742733f34b51', 0),
	(262, 'c5b92539e424b3daf7622ef872a7d0af2c0a7fb57810c992d705405f05943186', 0),
	(263, '22ba8af319b79cdbfbbe8e4a365b7a08568c37112c93535c53b1ae6368e6961e', 0),
	(264, '053af80fd92d55b0f6d5696f957e7d8c0a5fb6dde37421b9a5dd98c10347646f', 0),
	(265, 'eccc7e68fe207acf2bd49dcc4728a6ff14abd26b9c48bc3849650d972ce1511e', 0),
	(266, 'a42ce382ad666d42c213e383a99dd89eecd59a771107a4e88c8a21840978d1db', 0),
	(267, '6959fec45afdf7caeaa83812ea62fabce0211212e665bab0fa83afb78bcecdb5', 0),
	(268, '3caa5e19f7bf59efbb47f1e76e095f3483b0625a9f32d5f10ef1f1d5c5af9f69', 0),
	(269, '4bb79d8653594eacadc70193b3921d99c0335bd227582f78c20de717cf4ae3d7', 0),
	(270, 'f801468a1538940f570473562a9b312d2479433714284aa2355a2a34103c825a', 0),
	(271, 'c7c845396e0a72051c1e7d6e11b7fdf5cb3ad94135a817c97354f8867ea483a0', 0),
	(272, '78bfc74a99543ce57b9133d57814f5b3096a19a3b6857be8ba173f77e6540372', 0),
	(273, 'e3dee48b7646c8b34a5f2471f3a1a56f8f22c0e22a1d7bb51a84da53df36e9ae', 0),
	(274, '4999a77db69f97ee0d69b6f2bfba65ee4d7102b423dcab9fd0eed50574e1959c', 0),
	(275, '965a92f6466a33d0d689f85cea1557a9f37952919b675dec872b124465bfc7c2', 0),
	(276, '82249fa4457a70b3d0d7e91dd10e76e4e79d9a0ff36192ec21d70bacb6b2b401', 0),
	(277, '34ec64c6724a1a3dcee735c2d487a80623b8ca0d508e7aa71732fc51977fb139', 0),
	(278, '7b57b81bdc4a5692d7b92c0ba1104b62eb91ca114ebe2b97f0620f20ee82fe2e', 0),
	(279, 'e52124f44f7ce45aa3deb93a9e04dec62be4ea29cccbe851ced0635b78edd2d7', 0),
	(280, 'b0f89ab24db28231e273fa7586cd793934fdfacd7a1bb9e12da6a429d02ec2fd', 0),
	(281, 'c3f87ea0422802360dfa28a89ee33bd86e67eb7a905706fa24e53705d5fab77d', 0),
	(282, '2b282f7be5ce7fc17ad17592a8fe9774e47fc3546df01a6a1f1e81d99a0baed4', 0),
	(283, 'fa11fb06dd72a3d0b831eb6e3826e31a41decd683e5dfca75b11d2d9d105d914', 0),
	(284, '3e9fccca191e7527ad8de47611a090c3776c8741372a390586cd3aee7955c07c', 0),
	(285, 'de56b00b49f3057f7081b20317a6dfdd5e079f080127989cd2213a774bd5b2d8', 0),
	(286, '0de17e9e4d4343859d74918e1c2e0e0a1e48d6b0914b38d18bc8a7da84fc011d', 0),
	(287, 'd5ba28588f0d88c810968343e06e321564c1e8907ed634f4188650e6c2de044b', 0),
	(288, '574811626a5c96c76c006cdb7cedd83f9a38923c899613d5b69dc6e6f4d13fc9', 0),
	(289, '17a5eab2f3303b21eba6efff5309cd65b97e58e5dec8c0bbc9b208a972fcc7d2', 0),
	(290, 'd5a39c664affa7d52c5bf8508e13eb4112aa7a64547cbc5f1a10bc1f3383a264', 0),
	(291, 'dc1a3e52045781049b3a913aae170422da5b49d5c128d016217939d7beeeda21', 0),
	(292, '8159395c2bd5f716560390696feffe5d4434eaa5049cce875277b362896ad912', 0),
	(293, '9501115a921ac05a14991f31b301fe6fe109e3dba700bfb8016306c70d5cf032', 0),
	(294, '8c7a70b9ae6246853ed2b69217092283dfa08c7c930ad0443aba5c2b9684eb2e', 0),
	(295, 'a7e433b52eaa078c05077ac149461b3f3671239486335c8af69ef99e73e6439c', 0),
	(296, '08f1b6fba943c7bd7cb12f845b89a652924763e1ec8e7ad793d9f367467ad11e', 0),
	(297, '8853438f2a932335f862b7734725474ff2a487aeb2c6df79e2c1257f6ce83ec2', 0),
	(298, 'b4798a043e99762bf873b8d4ffcca3b799f92115b5214b6c376ba799cc19780c', 0),
	(299, '0789ca7cb332820ac2f18ca84a9d21621f2b626ec71d48a04869301b77c8462a', 0),
	(300, 'e37abcb95f5b8f8996b624d4bbf17763434aa1f95c7ff08b5d99476bc9d6557d', 0),
	(301, '5e7da0947ad31607608d7726cc5a463c03e2a1e7fd6226f15c5527b950d9981b', 0),
	(302, '10c51738c5bdff7727695abebd38353f78778f3478ef9ae20ce5e8c20b835ab2', 0),
	(303, 'a01f36c4fe1a054b1ccce430009149ceafd3b8cfe0bc3ebe0c435fb55de10c20', 0),
	(304, '5c4add019c129d6295366f4406fbca8fc68afe8444d69ea7e4b2feb428cf479a', 0),
	(305, '7f42a7140d1d206e64364955e291b30713495f67e044e3ecdf08d3ce190ed957', 0),
	(306, 'f0e6b2108b5ca840e6c464d0d4c0b6cbd4b07ae7421620bddb7aff3aa488f6d8', 0),
	(307, '7444c93804af97b892ac8093a63b9367540b140e15081f0d13dad9652a8ff36e', 0),
	(308, 'bb72c0c857fa21be903c3b9bd18395baeb07bf215bf203d0e5aba52aaa988a91', 0),
	(309, 'd185f51ceb26dfd7b3a5895c465fc45fa6c13f08785f655570cddb4597ad23d2', 0),
	(310, '5b42b1ad0d190924e9a02ad62e16d42fb7c1aed63b67f8ba9db8e1bf7018613a', 0),
	(311, '2881c0b514645da1373d10f452fd48b9091414a1411b14dd67a5e0367ce71a5a', 0),
	(312, '5d3a7650cd78fa8b8f2ac34a192819fa234d96e3c46d9bea197ee18a5c463740', 0),
	(313, '6ec3e3e8aac4af27f2235f4d49d5bd792f61b06f684ba288134b0b3acc9d700c', 0),
	(314, '70e3c32017b73489c6de549dc32356c78604dc0d9c5a4caeafc599305d12e603', 0),
	(315, '21a297156c647c2e533509d8bb1f9559b878f1a8976bb6ba8803994b95de564d', 0),
	(316, 'a967b4680c59be8605822e5813a448e96fbf364a8d8353ba061ab7ddc0499699', 0),
	(317, 'de70558380f72d1f8b033a9eaf828b4515cef9ef29d9850debc912cf210c7d50', 0),
	(318, '8971239ff6940746641c845244fc727157bbee72af2227a12c8317400d58e1eb', 0),
	(319, '6a6acb9f1f31e117ed04bb007dec144bdfcd41c702e46b357578ced00471294e', 0),
	(320, '48f523a0297d6271ec5c9f898e7cb987dfa2bade5caa2bbe2bc507bfa8f172de', 0),
	(321, '08781176bf1969566478cd5e3d293c82677c7d12e046b1809f2d419ba6163d11', 0),
	(322, '6ea43097798adcaeb0261484308090e966c4b3ceb7397756ef4c8a00283ea49d', 0),
	(323, 'b928c9c8856eff9985c146231f52a8305c44ff676131c1e92dc191c1b6a4823c', 0),
	(324, '21207a513d178f3e550f51d0dba8df1592829ce456426a264011bc6dc0a1380b', 0),
	(325, '218f84b0ef255fcdf1ecf1ecc47b6ace32dde0a78b8af4a7678c4793d5861fac', 0),
	(326, '926d7ff0c4365ce558b899f39c1e58f092784876756d5c3677b6f34f39de146b', 0),
	(327, 'ae1002d2812e6aafe860430029f8fb4827639c26df996bc53763a33d04ae09e0', 0),
	(328, 'ed64cf11c420e0bc0cdd193973cb3c56f02513402fda4e0c7b50751d4b3b6a34', 0),
	(329, 'ad2c6af2c84ce50b8147f87897effc0df86d9774be227d007637728dcfc9d47a', 0),
	(330, 'aae5e8939d2732956fd56e3304082edd046d17b9e92bf2c024d6849e4ee9eb5a', 0),
	(331, '0672a687e12b2134514e9ef899703ac9e28ccf58a01f2a52bcfea9d4719c48bb', 0),
	(332, 'c33a8f171a0ba8126c3a0b0cedf769292a712c48b4761b7f37e6bb6afae6cad5', 0),
	(333, '09d20cbde58bd6a53aa3fc84b3d03654f10ea8aa340eeb92efecb93a5281b7c2', 0),
	(334, '087a105202d612b0a572e73b6f347daa7f4da40b3b9202f77ba62a002117b9e3', 0),
	(335, '2414a536848296813a882ef17d08fbe2fcabcdd5634bfb0d7d60464920ba4832', 0),
	(336, 'f49425062f56a6b337e8f8d1bf659af630e284d5dccbcb09d3b23d927681219e', 0),
	(337, 'a7f5f9b45f75bdf1506c7cbc9a3719de0794e3fb740ee4f7f255babe5ab31156', 0),
	(338, '94902196f99a8cfeae5202e6a896c4b366904b77d43de83d079e2e2b6ae59999', 0),
	(339, 'e84c53c8c55dc9a23c16a70cd877d148784e6e2fd1796ae824a9d4f0e1cc1316', 0),
	(340, '943b74fb676e4a24f27455f0f436d4f85695f744ce087241583aa3fafbec22ff', 0),
	(341, '571e700256bf45fbd1fcd06f7be4615e1e57f0fb19169e485677a039e87e3f15', 0),
	(342, '658d101d22f9e9f9eaaab05577b885d7f8c7b2a02fd9b9d02af157d003e72008', 0),
	(343, 'cd5adaf56e917481a93fe87728b21148bb8e098d575f8cc18a0ca61d1cb74787', 0),
	(344, 'a1ac44d4617e40cbebb6fb3b76b4f4256e136c5889da0753d316f95c01dc5240', 0),
	(345, 'a329625d29d1af8e7ffb0fdeb8be7df77ae740bbeeedfb967199ce953a8c58c1', 0),
	(346, '80d05cbf1712f29ba3991b3628934d5feab72e1408b8c6ca201303e4ccdc85f5', 0),
	(347, 'd07ccd099f40611cf4c1615764e228f242d672a173d671e0d95532195479dd4e', 0),
	(348, 'a280d74c3ff572e7e3ab717649a5f4f3edc472807413e44be65d655d6bdf59b2', 0),
	(349, 'eee492d622827154f6af071ffe17aa14008d2a5b17f19a1251f715b2de048821', 0),
	(350, '779e736dcdb050c0d3ef53567cfa3f3b40ffef4cf2bcddcdf9675523a78dfc2d', 0),
	(351, '1b80e2573c5dae644cf9d4283f2ab88f9241d1ec77e08340a7aed210a61b1940', 0),
	(352, '8b031a5efa75c8fa67f4c1c94edbaeb667ad1f63c6b9d959c8bae49cfd6cb78e', 0),
	(353, '0462ec90e3e43935f11d7347886afd4b286b8ea99660dde5f1772609a5df4d38', 0),
	(354, '7c0140374b60cdf90135ccfce6cd29d286075af1ec6e81f3fa5c093a08fe2d41', 0),
	(355, '788d319f2b5f68e6039ffeec134cfa47a0b23df98ea8d518f99b8096b6c8545b', 0),
	(356, '170fa8809b19324d9fab5078975cec0473297a373eff914b940f006412d0f97b', 0),
	(357, 'cb6c50165c49839e894e4d98e01be3b6006221554afa479825b6575130018c82', 0),
	(358, '42176978568a969db696139bd3a0ea61e2e3972495b72330cdceb396929228bc', 0),
	(359, '04c14c68c7879590237fe5c770eaa84c1987c0f1ce9eca21855c7764b136e60f', 0),
	(360, 'e552738fc07ed26fb80980e3621ffd27b110e37e1bb2a122770104c06d6df8b8', 0),
	(361, '12eff0c1c9633e048f7707541e539fadd6740eee69a44e880041e858fa162c9e', 0),
	(362, 'fa2936e43008bf7bb4aea3b735eae86cdbec913f570c0f400a295b89aeba084c', 0),
	(363, '8be1c8a386c6286e34c228850b48641fe465ef321e2d5943c152f328e5d019d9', 0),
	(364, '2ba6136c65ed276e6ed017362d5b3975bc8c212263cf1db7244a8f264a715267', 0),
	(365, '22973d609bfcf3e434f345974a3311778ff23c03aed1726b388d7f0474a990b2', 0),
	(366, '7c5c4ca28e1e30c09d2c1ec295649f34e44ac56603f06ab261c9e8273704222e', 0),
	(367, '473117a9c05fa2d60f834b730b9bc43f9bdbf014a81c7be2bc9409a504191b2a', 0),
	(368, 'af23ee7e679c607c2eb3ce6943d6b395734fc3b39c1b4e46ea3b7d9dd3b857cd', 0),
	(369, '4fe1f74b590757a6fe35d1ddc31d8cc95716d9a4a2aafa021a55f70bfb5cf580', 0),
	(370, 'bbecb2dd8e457902ea31e7277b49483b394f513cc443bc38153df6edd289d075', 0),
	(371, '4ba15a5f67c1e338942b6166e64de8e73a1221a2d376d60551aa70eda7ea8286', 0),
	(372, '9586269536fa894d53d72848137ca26dcdd7de21deae4087fc0ff27f35d63ff0', 0),
	(373, 'dc343b0b27b227765691743b79ec18e7a70aa205fbae41c9ed8141cf953fbce7', 0),
	(374, 'b06747ed94c514a97efab29319177881f5c31066be20ec2837d61f1e12b21237', 0),
	(375, 'f8dd209ca2336dfe4ced5af07775e23409861d382d062ec5561b4a3c281e83be', 0),
	(376, 'fefb0f7058f9fcdbe4f2f29d5d57c485f42b00c450f32ffbe1187bfaf7d17908', 0),
	(377, '94e0fc669314a7cb9a998c706ed75e598883d08e6a0fc75ee39a4981f5cb7ef5', 0),
	(378, 'cadc673d7a6544838bb1acbb0643897d794aaceb2fd1395cbe064f010ef63acc', 0),
	(379, '7f5bdd92381edbb5a60ceaa9f60f291f7289a919337e1d3b1f0fee0f65cf5ab8', 0),
	(380, '7d2ced698fec9ff2043a1e6a7e8a2cff6a9357f196fbf5f6846b57f3a4adc22c', 0),
	(381, '793d754f0b99e2abf59e6a9c5cb7264103ef727ce91bf82f2bc649f43ff24668', 0),
	(382, '6336258d930585005a8dfaf6a942968f80263bf6bfaee456b51b794af08fbe9a', 0),
	(383, '81861c4409fe0dae8be9c421bf9b789a923e79edcd5572d391fed1a827a12405', 0),
	(384, '401e034ef8c895810cffb088c44413c2e1effbee1b57ff677ebb26d0a11b624a', 0),
	(385, '0534287d1c34fb8e9d72a5b7948e5020e2189b040410fa3bf6ca444ae8ba4916', 0),
	(386, '570edeb1c0d44cf7d6e20f5c8a1552bb5d3378d8f74b4ab07ea6d27bc14dbe17', 0),
	(387, '039d2027376db93b2f027683907ab238145ee5a76aff1a35f686b9c26f421037', 0),
	(388, '3261c0f89b798afd44670ccbe735ef14b54d14f24c64610642bec4ff760aa27a', 0),
	(389, '35502baa98478ed97067058f259d3e23b0f3a1d9ec7a82b23481269aeb7515f7', 0),
	(390, 'd69fede2b433cdc08b6e42c9d79dff217beb1fda737bbf42893174f5cd43c6ef', 0),
	(391, 'b112ca9d97b016fbedceb10b6ee8d9a00c004469309d67ef0bfa0fc57bf4d874', 0),
	(392, '000528f24c9c5bf2a76941907cc2fa77435e29684b30d98745d47dc70eeee4a7', 0),
	(393, '516a252aece13b31aa106722632e9133dca12f218e1d3a0a8c234a72f958df22', 0),
	(394, 'c048cc49ec0d791d7e51e077a5934565c0aefda79fe3732e7629b3a6e9e93d7e', 0),
	(395, 'bbc2e5f96552d32e539b0c39438ea928daa6494491f6720c5661c3a8cdca0e3b', 0),
	(396, 'a55eefda73b2f4e8a773b0ee0a123644c9c16c37e4f1b0a299c5153b3dc194f3', 0),
	(397, '7cd292bf7c24a1896e987cbf9772c2dc2a9f6778cd481aa0c004aac0c5e4c028', 0),
	(398, 'f32aec527623929c57bacebece0980b09e32c2f1f85d210ba8b4b2a9412272fd', 0),
	(399, 'a2920e0b4421ae629d8994b08a31df0e649fe9bc24c2a8be3423c178dba5d090', 0),
	(400, '4b1a4affe0624eda2abeacdc8cd6e00d0d08c8b468cf65cb5ab6b95bd7853fa1', 0),
	(401, '74ad7f4b2cfdc19df4130146974011b92104449d500dafe319169fe459cda5f6', 0),
	(402, 'b1b135f6ec139eaeefd7c75fd0ab9bb55a18c77ec59020098336908fffbcb505', 0),
	(403, 'b8a57d280e6e4f18ce4ded3582c803b5f32364ead50540b0b783d3c3613982f1', 0),
	(404, 'a6bd154a67c631e03a4e1d36f583e9ad7276bdab626f7e0ab34d40e456bee505', 0),
	(405, '668b75a9c442c0b81c8f1bc2098e94aef7274c046f507fc7d1b983f787b53a47', 0),
	(406, 'f290060cda06fb352b6966112a3fb249a8e10344a7a3e7d5918b04ebc654c9ff', 0),
	(407, 'd2449163f82c52bb9da737ec7149891d3521188f16df7056381679e37571b408', 0),
	(408, 'f62893a3ba1c51b3495daa04d2c663f83d0a717caccec781763fa94aa70a5fc8', 0),
	(409, '834052365582534096e646390e185ce55d7a4097a08377c99e153f4384384bb3', 0),
	(410, 'a37927ea87909616a0cde4b6c7146741cc9a0d2f7b7c7f8bad2eb0cf5c3d4205', 0),
	(411, '0adf3fe9a85a70abff86ee18a792347db5ec17d3c4b84afa55b09c90823e4ecb', 0),
	(412, '885143b863d2d0f835e02b9c8a0a7364cf74e6f1c9e5bb8207d2dc760ce78bf4', 0),
	(413, '262721be3eb374996ea8b2a01a8952c43846cbca519376272e3e9d21f31f6dc5', 0),
	(414, '7a1a234290e1ac7037165e7a0ca30d6c5d1f29833bd257b67aecb274480e74e2', 0),
	(415, '96ceed529225209c867b079e827240c0834736df0c4b741674a7eea0311565d7', 0),
	(416, '470e1698e956fd6d93d97b3cd674c8835e6ba756fb4968fd2fdda8a3e7dd6971', 0),
	(417, 'e67bd2e23e26a83a8bae12ef42d2807976d66439e437c07b620ec58f9536c247', 0),
	(418, '2166a97e24ea9d87e56a6bd23d91924224a1c751ef7e8c9d15674e2df858fc4f', 0),
	(419, 'ef3c49eed2ee3bb6312cceeece9e80d2a388f8cad0b8d426d34d09b3d34b9e67', 0),
	(420, '399338abd21e3cd8c5cec8258d2930ea8f1863d9a4db603b61353a3d74ff2422', 0),
	(421, '3dcfe4cead952b568d2d7addfce7105a464e19433c8e99dcdabfeeadbbe85418', 0),
	(422, '3e0eb952b1e7bcd4dac7499ccb999f446d7a7d2d9bd81feb7a2822a18094cc6a', 0),
	(423, 'a32706771dbeedb5f91d36fb48750cf8ec8dc6a9fd2a362f3920df704a8ed95f', 0),
	(424, '61ba913a01d01f8096d5b4f41c360f0054d494e8fbdeed7edb196b9ddb0cb06c', 0),
	(425, '33c6385ee69dd3649c4e541642c38161c1ff18c05135af3430a680c8c9c3e276', 0),
	(426, 'c36c4007f16ba2ee7859a623ffca30d26c1bce2f644e18dbe082592d29815492', 0);
/*!40000 ALTER TABLE `token_list` ENABLE KEYS */;

-- Zrzut struktury tabela agencjauprawnien.user
DROP TABLE IF EXISTS `user`;
CREATE TABLE IF NOT EXISTS `user` (
  `id` int(11) NOT NULL AUTO_INCREMENT,
  `name` varchar(50) COLLATE utf8_polish_ci DEFAULT NULL,
  `secondName` varchar(50) COLLATE utf8_polish_ci DEFAULT NULL,
  `lastName` varchar(50) COLLATE utf8_polish_ci DEFAULT NULL,
  `birthDate` date DEFAULT NULL,
  `pesel` varchar(11) COLLATE utf8_polish_ci DEFAULT NULL,
  `fatherName` varchar(50) COLLATE utf8_polish_ci DEFAULT NULL,
  `motherName` varchar(50) COLLATE utf8_polish_ci DEFAULT NULL,
  `tokenId` int(11) DEFAULT NULL,
  `isActive` tinyint(1) DEFAULT 1,
  PRIMARY KEY (`id`),
  KEY `user_tokenId_key_token_list_id` (`tokenId`),
  CONSTRAINT `user_tokenId_key_token_list_id` FOREIGN KEY (`tokenId`) REFERENCES `token_list` (`id`)
) ENGINE=InnoDB AUTO_INCREMENT=9 DEFAULT CHARSET=utf8 COLLATE=utf8_polish_ci;

-- Zrzucanie danych dla tabeli agencjauprawnien.user: ~6 rows (około)
DELETE FROM `user`;
/*!40000 ALTER TABLE `user` DISABLE KEYS */;
INSERT INTO `user` (`id`, `name`, `secondName`, `lastName`, `birthDate`, `pesel`, `fatherName`, `motherName`, `tokenId`, `isActive`) VALUES
	(1, 'Piotr', 'Bogdan', 'Religa', '1994-02-25', '123', 'Bogdan', 'Elżbieta', 11, 0),
	(2, 'Piotr', 'Bogdan', 'Religa', '1994-02-25', '1', 'Bogdan', 'Elżbieta', 12, 1),
	(3, 'Piotr', 'Bogdan', 'Religa', '1994-02-25', '2', 'Bogdan', 'Elżbieta', 13, 0),
	(4, 'Piotr', 'Bogdan', 'Religa', '1994-02-25', '3', 'Bogdan', 'Elżbieta', 14, 1),
	(7, 'Piotr', 'Bogdan', 'Religa', '1994-02-25', '4', 'Bogdan', 'Elżbieta', NULL, 0),
	(8, 'Piotr', 'Bogdan', 'Religa', '1994-02-25', '5', 'Bogdan', 'Elżbieta', NULL, 1);
/*!40000 ALTER TABLE `user` ENABLE KEYS */;


-- Zrzut struktury bazy danych komisjawyborcza
DROP DATABASE IF EXISTS `komisjawyborcza`;
CREATE DATABASE IF NOT EXISTS `komisjawyborcza` /*!40100 DEFAULT CHARACTER SET utf8 COLLATE utf8_polish_ci */;
USE `komisjawyborcza`;

-- Zrzut struktury tabela komisjawyborcza.admin
DROP TABLE IF EXISTS `admin`;
CREATE TABLE IF NOT EXISTS `admin` (
  `id` int(11) NOT NULL AUTO_INCREMENT,
  `groupId` int(11) DEFAULT NULL,
  `login` varchar(50) COLLATE utf8_polish_ci DEFAULT NULL,
  `password` varchar(128) COLLATE utf8_polish_ci DEFAULT NULL,
  `sessionId` varchar(40) COLLATE utf8_polish_ci DEFAULT NULL,
  `sessionCreate` datetime DEFAULT NULL,
  PRIMARY KEY (`id`),
  UNIQUE KEY `login` (`login`),
  KEY `groupId` (`groupId`),
  CONSTRAINT `admin_groupId-key_group_id` FOREIGN KEY (`groupId`) REFERENCES `group` (`id`)
) ENGINE=InnoDB AUTO_INCREMENT=3 DEFAULT CHARSET=utf8 COLLATE=utf8_polish_ci;

-- Zrzucanie danych dla tabeli komisjawyborcza.admin: ~2 rows (około)
DELETE FROM `admin`;
/*!40000 ALTER TABLE `admin` DISABLE KEYS */;
INSERT INTO `admin` (`id`, `groupId`, `login`, `password`, `sessionId`, `sessionCreate`) VALUES
	(1, 1, 'okw', '$2y$10$5l7B3ZdzeIMbiHjDKbuPtu5AK26D8vF7Jr3VPwywI08hAZTnMoYcm', NULL, NULL),
	(2, 2, 'pkw', '$2y$10$5l7B3ZdzeIMbiHjDKbuPtu5AK26D8vF7Jr3VPwywI08hAZTnMoYcm', 'f3rbn8ctok7tl2s7afe6qos4a4', '2018-03-08 23:44:12');
/*!40000 ALTER TABLE `admin` ENABLE KEYS */;

-- Zrzut struktury tabela komisjawyborcza.candidate
DROP TABLE IF EXISTS `candidate`;
CREATE TABLE IF NOT EXISTS `candidate` (
  `id` int(11) NOT NULL AUTO_INCREMENT,
  `name` varchar(50) COLLATE utf8_polish_ci DEFAULT NULL,
  `secondName` varchar(50) COLLATE utf8_polish_ci DEFAULT NULL,
  `lastName` varchar(50) COLLATE utf8_polish_ci DEFAULT NULL,
  `electionCommittee` varchar(150) COLLATE utf8_polish_ci DEFAULT NULL,
  `photo` varchar(150) COLLATE utf8_polish_ci DEFAULT NULL,
  PRIMARY KEY (`id`)
) ENGINE=InnoDB AUTO_INCREMENT=20 DEFAULT CHARSET=utf8 COLLATE=utf8_polish_ci;

-- Zrzucanie danych dla tabeli komisjawyborcza.candidate: ~12 rows (około)
DELETE FROM `candidate`;
/*!40000 ALTER TABLE `candidate` DISABLE KEYS */;
INSERT INTO `candidate` (`id`, `name`, `secondName`, `lastName`, `electionCommittee`, `photo`) VALUES
	(1, 'Grzegorz', 'Michał', 'Braun', 'bezpartyjny', 'grzegorz_brown.jpg'),
	(2, 'Andrzej', 'Sebastian', 'Duda', 'Prawo i Sprawiedliwość', 'andrzej_duda.jpg'),
	(3, 'Adam', 'Sebastian', 'Jarubas', 'Polskie Stronnictwo Ludowe', 'adam_jarubas.jpg'),
	(4, 'Bronisław', 'Maria', 'Komorowski', 'bezpartyjny', 'bronislaw_komorowski.jpg'),
	(5, 'Janusz', 'Ryszard', 'Korwin-Mikke', 'Kongres Nowej Prawicy', 'janusz_korwin_mikke.jpg'),
	(6, 'Marian', 'Janusz', 'Kowalski', 'Ruch Narodowy', 'marian_kowalski.jpg'),
	(7, 'Paweł', 'Piotr', 'Kukiz', 'bezpartyjny', 'pawel_kukiz.jpg'),
	(8, 'Magdalena', 'Agnieszka', 'Ogórek', 'bezpartyjny', 'magdalena_ogorek.jpg'),
	(9, 'Janusz', 'Marian', 'Palikot', 'Twój Ruch', 'janusz_palikot.jpg'),
	(10, 'Paweł', 'Jan', 'Tanajno', 'Demokracja Bezpośrednia', 'pawel_tanajno.jpg'),
	(11, 'Jacek', NULL, 'Wilk', 'Kongres Nowej Prawicy', 'jacek_wilk.jpg');
/*!40000 ALTER TABLE `candidate` ENABLE KEYS */;

-- Zrzut struktury tabela komisjawyborcza.candidate_chose_mapping
DROP TABLE IF EXISTS `candidate_chose_mapping`;
CREATE TABLE IF NOT EXISTS `candidate_chose_mapping` (
  `tokenMapping` varchar(64) COLLATE utf8_polish_ci NOT NULL,
  `candidateId` int(11) DEFAULT NULL,
  `createDate` datetime DEFAULT NULL,
  PRIMARY KEY (`tokenMapping`)
) ENGINE=InnoDB DEFAULT CHARSET=utf8 COLLATE=utf8_polish_ci;

-- Zrzucanie danych dla tabeli komisjawyborcza.candidate_chose_mapping: ~0 rows (około)
DELETE FROM `candidate_chose_mapping`;
/*!40000 ALTER TABLE `candidate_chose_mapping` DISABLE KEYS */;
INSERT INTO `candidate_chose_mapping` (`tokenMapping`, `candidateId`, `createDate`) VALUES
	('1a9f77bd5fbde501e1eee2d43b56da58cad121d1', 8, '2018-03-07 21:24:43'),
	('319440b6848a8c42e99b03e7acfe5c019eee4f10', 1, '2018-03-08 22:53:59'),
	('32852c86f9c1d19e940fd21655293fbced003103', 1, '2018-03-08 19:41:39'),
	('5f8d8e420dd13450973291d128e114414e055b85', 0, '2018-03-07 21:18:14'),
	('70a209665a09c2f1e340caf1fa4fc3f85abacad2', 7, '2018-03-07 21:26:54'),
	('7955eb4b12f58f86a91084f0f7e27b2b71b15f56', 1, '2018-03-08 22:53:48'),
	('ad317ed570dbc12d7378c6cbab967b43a523c70a', 2, '2018-03-08 22:51:21'),
	('b0c0f905b5f0eeb37353c7ff882384083dee1835', 1, '2018-03-08 22:48:52'),
	('b642240552486f3a038a32a35a09a33ae1b8f5e8', 2, '2018-03-08 21:51:17'),
	('d9fccc9251e26a67f858ea1abd499ac980d0c1e6', 10, '2018-03-07 21:32:15'),
	('eb4d170f60edb26b5e0161f59c50f54f86e2e59e', 1, '2018-03-08 22:51:41');
/*!40000 ALTER TABLE `candidate_chose_mapping` ENABLE KEYS */;

-- Zrzut struktury tabela komisjawyborcza.group
DROP TABLE IF EXISTS `group`;
CREATE TABLE IF NOT EXISTS `group` (
  `id` int(11) NOT NULL AUTO_INCREMENT,
  `name` varchar(50) COLLATE utf8_polish_ci DEFAULT NULL,
  PRIMARY KEY (`id`),
  UNIQUE KEY `name` (`name`)
) ENGINE=InnoDB AUTO_INCREMENT=3 DEFAULT CHARSET=utf8 COLLATE=utf8_polish_ci;

-- Zrzucanie danych dla tabeli komisjawyborcza.group: ~2 rows (około)
DELETE FROM `group`;
/*!40000 ALTER TABLE `group` DISABLE KEYS */;
INSERT INTO `group` (`id`, `name`) VALUES
	(1, 'Okręgowa Komisja Wyborcza'),
	(2, 'Państwowa Komisja Wyborcza');
/*!40000 ALTER TABLE `group` ENABLE KEYS */;

-- Zrzut struktury tabela komisjawyborcza.settings
DROP TABLE IF EXISTS `settings`;
CREATE TABLE IF NOT EXISTS `settings` (
  `id` int(11) NOT NULL AUTO_INCREMENT,
  `alias` varchar(50) COLLATE utf8_polish_ci DEFAULT NULL,
  `value` varchar(50) COLLATE utf8_polish_ci DEFAULT NULL,
  PRIMARY KEY (`id`),
  UNIQUE KEY `alias` (`alias`)
) ENGINE=InnoDB AUTO_INCREMENT=2 DEFAULT CHARSET=utf8 COLLATE=utf8_polish_ci;

-- Zrzucanie danych dla tabeli komisjawyborcza.settings: ~1 rows (około)
DELETE FROM `settings`;
/*!40000 ALTER TABLE `settings` DISABLE KEYS */;
INSERT INTO `settings` (`id`, `alias`, `value`) VALUES
	(1, 'votingEnable', '1');
/*!40000 ALTER TABLE `settings` ENABLE KEYS */;

-- Zrzut struktury tabela komisjawyborcza.vote
DROP TABLE IF EXISTS `vote`;
CREATE TABLE IF NOT EXISTS `vote` (
  `id` int(11) NOT NULL AUTO_INCREMENT,
  `token` varchar(64) COLLATE utf8_polish_ci NOT NULL DEFAULT '0',
  `candidateId` int(11) DEFAULT NULL,
  `isActive` tinyint(4) NOT NULL DEFAULT 1,
  PRIMARY KEY (`id`),
  KEY `voice_candidateId_key_candidate_list_id` (`candidateId`)
) ENGINE=InnoDB AUTO_INCREMENT=26 DEFAULT CHARSET=utf8 COLLATE=utf8_polish_ci;

-- Zrzucanie danych dla tabeli komisjawyborcza.vote: ~4 rows (około)
DELETE FROM `vote`;
/*!40000 ALTER TABLE `vote` DISABLE KEYS */;
INSERT INTO `vote` (`id`, `token`, `candidateId`, `isActive`) VALUES
	(22, 'afba5c1a94a5a1b4a9c83700c49e09b4dfbc82fa7c913b87b1e36d01bc7ed4fd', 10, 1),
	(23, '698c848cc86fb69deb471ca95d000197a7dcc5e37c913b87b1e36d01bc7ed4fd', 1, 1),
	(24, '7f182961ab96c0ccaa7edab52d34ede46d53de9f7c913b87b1e36d01bc7ed4fd', 1, 1),
	(25, '5a5368518e709be389e5b222524f42813324a43e7c913b87b1e36d01bc7ed4fd', 5, 1);
/*!40000 ALTER TABLE `vote` ENABLE KEYS */;

/*!40101 SET SQL_MODE=IFNULL(@OLD_SQL_MODE, '') */;
/*!40014 SET FOREIGN_KEY_CHECKS=IF(@OLD_FOREIGN_KEY_CHECKS IS NULL, 1, @OLD_FOREIGN_KEY_CHECKS) */;
/*!40101 SET CHARACTER_SET_CLIENT=@OLD_CHARACTER_SET_CLIENT */;
